[
  {
    "time_left": 15,
    "height_limit": 42,
    "void_limit": 2,
    "red_settings": {
      "safe_zone": {
        "first_position": {
          "x": 55, "z": -200
        },
        "second_position": {
          "x": 500, "z": 500
        }
      },
      "goal_area": {
        "first_position": {
          "x": 63, "y": 32, "z": 2
        },
        "second_position": {
          "x": 59, "y": 33, "z": -2
        }
      },
      "waiting_point": {
        "x": 54.5, "y": 44, "z": 0.5
      },
      "spawn_point": {
        "x": 0.5, "y": 39, "z": 0.5
      }
    },
    "blue_settings": {
      "safe_zone": {
        "first_position": {
          "x": -54, "z": 100
        },
        "second_position": {
          "x": -200, "z": -200
        }
      },
      "goal_area": {
        "first_position": {
          "x": -62, "y": 32, "z": -2
        },
        "second_position": {
          "x": -58, "y": 33, "z": 2
        }
      },
      "waiting_point": {
        "x": -52.5, "y": 44, "z": 0.5
      },
      "spawn_point": {
        "x": -52.5, "y": 44, "z": 0.5
      }
    }
  }
]