[
	{
		"time_left": 15,
    	"height_limit": 37,
    	"void_limit": 0,
    	"red_settings": {
    	  "safe_zone": {
    	    "first_position": {
    	      "x": -48, "z": 200
    	    },
    	    "second_position": {
    	      "x": -300, "z": -200
    	    }
    	  },
    	  "goal_area": {
    	    "first_position": {
    	      "x": -66, "y": 25, "z": -2
    	    },
    	    "second_position": {
    	      "x": -62, "y": 26, "z": 2
    	    }
    	  },
    	  "waiting_point": {
    	    "x": -51.5, "y": 40, "z": 0.5
    	  },
    	  "spawn_point": {
    	    "x": -51.5, "y": 40, "z": 0.5
    	  }
    	},
    	"blue_settings": {
    	  "safe_zone": {
    	    "first_position": {
    	      "x": 26, "z": -200
    	    },
    	    "second_position": {
    	      "x": 500, "z": 200
    	    }
    	  },
    	  "goal_area": {
    	    "first_position": {
    	      "x": 44, "y": 25, "z": 2
    	    },
    	    "second_position": {
    	      "x": 40, "y": 26, "z": -2
    	    }
    	  },
    	  "waiting_point": {
    	    "x": 30.5, "y": 40, "z": 0.5
    	  },
    	  "spawn_point": {
    	    "x": 30.5, "y": 40, "z": 0.5
    	  }
    	}
  	}	
]